1,Rochell,Lenīnskīy,118823
2,Tomlin,Sacramento,52474
3,Montgomery,Rennes,154830
4,Emerson,Mariscala,114126
5,Catlee,Huibu,54220
6,Garald,Gramaços,173348
7,Raquel,"Las Vegas, Santa Barbara",175714
8,Dannie,Pu’an,128370
9,Nicholas,Imbituva,167959
10,Berton,Krasnoarmeysk,99465
11,Tildie,Igurubi,74939
12,Pauly,Ziniaré,69708
13,Shelley,Ndago,54053
14,Case,Sarykemer,122559
15,Perkin,Kiltamagh,170427
16,Eugen,Munggang,199662
17,Giles,Laprida,163820
18,Batholomew,Ikongo,197056
19,Yancy,Bin Yauri,195426
20,Cacilie,Condoroma,122814
21,Lorette,Umm as Summāq,59490
22,Dorena,Turtas,128224
23,Jessie,Al Tuḩaytā’,150741
24,Dorolisa,Yingkeng,65866
25,Nonie,Jackson,85611
26,Teddy,Fukuchiyama,143049
27,Sella,Beigucheng,73189
28,Brier,Kyrylivka,137870
29,Abramo,Oslo,84762
30,Gregor,Zhujiatai,168274
31,Peyton,Port-Gentil,54213
32,Hugo,Granada,79692
33,Vannie,Saint Helier,134413
34,Gardener,Quyangqiao,180273
35,Lorry,Buenavista,90023
36,David,Irecê,98901
37,Antonin,Zwolle,67244
38,Debi,Corticeiro de Baixo,145107
39,Brenda,Jaraguá,184987
40,Aloysius,Gala,152859
41,Eudora,Vogar,137328
42,Camey,Vasyl'evsky Ostrov,136582
43,Jeremiah,Amagi,154241
44,Lauren,Kotabaru,137841
45,Tandie,Wangcheng,134717
46,Trish,Savonranta,196374
47,Lay,Uppsala,179587
48,Davide,Vaulx-en-Velin,124776
49,Stesha,Majin,162561
50,Giacopo,Liyang,119616
51,Sigrid,Gurinai,70526
52,Camella,Kampong Thom,88265
53,Rahal,Atlanta,115982
54,Harcourt,Zhoutie,120764
55,Karoly,Gyamco,191198
56,Reinhard,Gachancipá,97354
57,Benjie,Dolní Libina,152239
58,Lorita,Veternik,152824
59,Celia,Tissa,155081
60,Marchelle,Gechuan,74697
61,Antons,Kikinda,181714
62,Salmon,Birqīn,126379
63,Sherrie,Calamba,122940
64,Helaine,Liulimiao,82631
65,Gustavus,Rogongon,165386
66,Linnea,Valka,155314
67,Noel,Uralo-Kavkaz,145022
68,Lelia,Nagcarlan,59511
69,Morris,Nanmen,81889
70,Cosme,Aricapampa,76269
71,Othelia,Castanheira,107808
72,Row,Langzhong,141612
73,Leo,Halimaung Jaya (F-3),82887
74,Ozzy,Linxihe,77048
75,Corie,Masatepe,172039
76,Berke,Moerewa,91836
77,Michelina,San Miguel,87800
78,Inger,Memphis,81166
79,Jobina,Suwaluh,145908
80,Cordie,Jardinópolis,91867
81,Garret,Erdao,177065
82,Marthe,Hongjiang,123640
83,Patrizia,Espumoso,179060
84,Carlin,Mineiros,196106
85,Larina,Baimangpu,139372
86,Caro,Novopokrovka,151415
87,Frannie,Moluo,124622
88,Thain,Rychvald,69080
89,Tomasina,Tōgane,131939
90,Karil,Xiabaishi,173229
91,Dael,Ban Talat Bueng,127053
92,Howie,Sélibabi,147122
93,Dari,Jayaraga Kaler,159701
94,Toinette,New York City,118070
95,Bernardine,Bicas,107093
96,Tomasina,Blois,84061
97,Ariana,Kwakoa,190128
98,Nadine,Jajarkrajan,64940
99,Kimbra,Shaozhai,177099
100,Sandro,Getazat,167545
101,Liesa,Abeokuta,70712
102,Hiram,Aeteke,74638
103,Ashlee,Sukadana,184505
104,Gradeigh,Leigao,104098
105,Nikola,Itapecuru Mirim,198537
106,Nissie,Alençon,155025
107,Allen,Jiashi,194042
108,Bennett,Prince Albert,195739
109,Adore,Sidonganti,96953
110,Carrol,Toulon,74403
111,Harcourt,Ramada,161443
112,Zane,Kafr Qūd,163530
113,Amalea,Trélissac,159402
114,Jyoti,Barisāl,161023
115,Rory,Xujiadian,104792
116,Aristotle,Kimch’aek-si,140260
117,Brion,Coaraci,52995
118,Serge,Sogcho,121986
119,Jefferson,Las Heras,186150
120,Johnette,Jixiang,121644
121,Joshia,Blagoveshchensk,106690
122,Marquita,Malaba,62505
123,Isabella,Bryukhovetskaya,69657
124,Chicky,Bartolomé Masó,161284
125,Alick,Severnyy,107752
126,Dur,Taganskiy,62587
127,Fae,Velas,52484
128,Raffaello,Yunmeng Chengguanzhen,118050
129,Corinne,Granada,79800
130,Cordie,Xinhua,163386
131,Meryl,Cartagena,184285
132,Andonis,Jirkov,148544
133,Sheelah,Redange-sur-Attert,99356
134,Charles,Promyshlennaya,100488
135,Babbette,Laojunmiao,61969
136,Dick,Jeremoabo,157436
137,Toiboid,Meaux,164544
138,Joy,Frösön,114617
139,Selestina,São Vicente de Ferreira,123429
140,Wylma,Tsumeb,82616
141,Osbourne,Keboncau,118788
142,Jacquelyn,Paripiranga,157908
143,Laurent,Tambaksari,177341
144,Myer,Canggou,164555
145,Layney,Yanqi,50035
146,Jarid,Sanxi,69879
147,Griz,Hujia,106596
148,Avis,Hermosa,165572
149,Sonia,Bassano,195692
150,Ronna,Lebane,198040
151,Hestia,Bebandem,145385
152,Rossy,Libertad,117406
153,Nate,Taoxi,55619
154,Suzie,Nanqiao,127122
155,Sherwin,Apoya,147949
156,Sylvan,Almaguer North,65235
157,Judie,Salsipuedes,196664
158,Camilla,Donghoufang,75903
159,Gena,Prince Edward,189514
160,Verene,Sa‘sa‘,137322
161,Charyl,Guadalupe,108261
162,Farra,Paris 17,199415
163,Zedekiah,Gião,90045
164,Dania,Santong,69474
165,Penelope,Ku‘aydinah,172483
166,Bowie,Belén de los Andaquíes,96504
167,Marianne,Pattani,98908
168,Wolfie,Xinghua,142786
169,Corry,Wuduhe,109584
170,Wyatt,Cran-Gevrier,75336
171,Durante,Stefanavíkion,97667
172,Jillane,Gesikan,63974
173,Naomi,Sukasirna,56574
174,Hymie,Barreiro do Jaíba,63704
175,Star,Texistepeque,63892
176,Glennis,Qingzhou,53897
177,Leona,Dunlewy,62320
178,Giralda,Comé,133933
179,Duky,Az Ziyārah,132696
180,Melisande,Ngembel,131601
181,Philippa,Piduhe,112571
182,Ed,Dédougou,58508
183,Beverlee,Longqiao,171921
184,Adrian,Bilqās,105524
185,Isidor,Shangtuhai,64819
186,Eliza,Najrān,95109
187,Timmy,Świeradów-Zdrój,65082
188,Lambert,Kuningan,189017
189,Porter,Laguilayan,172918
190,Leigha,Gradići,112684
191,Callean,Emiliano Zapata,52888
192,Elizabet,Tadine,190681
193,Ted,Farkhah,170478
194,Shel,Gongchang,119929
195,Karolina,Sanfang,121126
196,Albertine,Esquina,54086
197,Ferrel,Starcevica,186445
198,Wanids,Sheffield,69433
199,Woodman,Rochester,191859
200,Katharina,Stare Kurowo,50014
201,Yoshi,Ust’-Uda,193538
202,Marge,Kalahang,138366
203,Ulla,Pospelikha,109925
204,Bradford,Rijeka,195918
205,Arabel,Tijão,194742
206,Kaitlin,Matabao,167839
207,Raye,Trinity,108496
208,Jerrilyn,Huata,196754
209,Donavon,Bằng Lũng,65922
210,Wilona,Yuankeng,90950
211,Karlotte,Kawaguchi,94796
212,Melina,Palagao Norte,151591
213,Corette,Kista,135933
214,Kathleen,Parczew,59013
215,Lorry,Kawage,162413
216,Otto,Botlhapatlou,162641
217,Isobel,Marale,103031
218,Brennan,Santa Helena,52407
219,Catriona,Guararema,175193
220,Callie,Jandaia do Sul,70848
221,Kristen,Lushikeng,119147
222,Elmore,Kandhkot,142063
223,Steffie,Xiluo,163905
224,Leopold,Damiao,105361
225,Betty,Jarocin,183451
226,Fonz,Caoxi,71156
227,Shalna,Gaotai,165655
228,Haroun,Bruxelles,102531
229,Raynor,Qarāwul,186060
230,Izabel,Velká nad Veličkou,180127
231,Hillie,Surkh Bilandī,181138
232,Garald,Changning,53406
233,Yelena,Марино,140422
234,Pippa,Skien,151663
235,Allan,Heemstede,90260
236,Dexter,Kauswagan,189251
237,Maddy,Ōyama,164229
238,Vinny,Harjavalta,130714
239,Rip,Dueñas,73930
240,Asa,Nanxiang,135559
241,Drusi,Kpalimé,70006
242,Stanwood,Lāchi,74259
243,Beryle,Ulaan Khat,100913
244,Selina,Daciyao,82341
245,Theda,Telmin Suma,82202
246,Nananne,Sumberejo,69317
247,Jarvis,Néos Skopós,104183
248,Carlo,Tambaksari,183130
249,Chucho,Papër,195323
250,Barrie,Chunshui,55395
251,Reggis,Luoting,104777
252,Kacie,Usman’,121099
253,Joshia,Nagpandayan,70708
254,Windham,Sabadell,198933
255,Avie,Taoyuan,99647
256,Melloney,Hrvace,51348
257,Gay,Chengxi,167062
258,Jonis,Jingchuan,177322
259,Jackquelin,Ryazan’,185907
260,Carlyle,Cangkuang,183873
261,Daveen,Aucallama,126002
262,Goldi,Kudang,63618
263,Austin,Eindhoven,172511
264,Caye,Huddinge,152835
265,Devinne,San Jerónimo,132292
266,Teodor,Potiskum,187411
267,Sibby,Kromasan,153506
268,Giustino,Brandfort,97985
269,Charisse,Bratslav,51575
270,Any,Isesaki,124519
271,Angel,Tsalgar,122241
272,Ardelia,Bertioga,149147
273,Eberto,Beregovoy,104188
274,Calli,Gwangtan,93455
275,Alair,Kyaukse,63091
276,Robinet,Kramators’k,66800
277,Elisa,Talospatang,87133
278,Keelia,Pacho,94261
279,Shanie,Zambujeira,91865
280,Dewain,Anjō,108796
281,Dilan,Doropeti,52476
282,Sibyl,Tasovčići,116264
283,Latisha,Conqueiros,62584
284,Bent,Smolenskaya,98048
285,Mitzi,Huangling,131422
286,Marie-ann,Oslo,153542
287,Nelly,Gualeguay,53334
288,Hillard,Wang Chan,136441
289,Orella,Plumbon,162926
290,Sheilah,Timrå,123780
291,Amalia,Pojok,73864
292,Lillian,Krasnaya Poyma,59603
293,Englebert,Cap-Santé,179914
294,Claire,Qingshu,141909
295,Ursulina,Szczaniec,180718
296,Candida,Dabu,196604
297,Aurora,Sengeti,175474
298,Patti,Hejiang,155280
299,Leicester,Noisy-le-Grand,108170
300,Andromache,Tambo,164940
301,Daron,Fuliang,67182
302,Tris,Ishigaki,59476
303,Rosaleen,Krajan Dua Sumbersari,141254
304,Christiana,Dongke,93821
305,Jobi,Xiaojin,150562
306,Colin,Xiawa,65023
307,Selma,Krasnomayskiy,105771
308,Gawen,Tlogocilik,97978
309,Traver,Le Lamentin,163269
310,Marcelia,Valle Grande,198145
311,Toddie,Nal’chik,96329
312,Bronnie,Chon Daen,175828
313,Redd,Firminy,139402
314,Law,Paris 07,144690
315,Samuel,Beloostrov,87824
316,Sapphira,Sekampung,92171
317,Rhetta,Plalar,98527
318,Shae,São Martinho de Árvore,116680
319,Margarette,København,138587
320,Farlee,Magdaleno Aguilar,73015
321,Nannie,Fusagasuga,170704
322,Kippy,Zhuanshui,156812
323,Lorene,Bisée,107536
324,Kala,Tilik,133796
325,Ode,Na Khu,167474
326,Germain,Tungol,116398
327,Harriett,Nîmes,53596
328,Pebrook,Kfar NaOranim,97925
329,Deni,Xilaiqiao,191732
330,Joana,Kouvarás,183724
331,Bendix,Oslo,169360
332,Marylinda,Cocorná,158863
333,Gaylord,Bethlehem,190401
334,Dur,Sydney,93149
335,Allan,Modakeke,187201
336,Barth,Łopuszna,104241
337,Stephana,Pandan,101775
338,Nevin,Weston,197303
339,Enrika,Lazeshchyna,76686
340,Andrei,Maluanluan,168662
341,Lorrin,Sieradza,56873
342,Mychal,Sigou,50760
343,Gwynne,Pushkinskiye Gory,189431
344,Jenelle,Dhahi,71336
345,Alleen,Klyuchevskiy,70543
346,Flss,Jincheng,102443
347,Nata,Huangtukuang,150827
348,Amby,Jiaojie,139846
349,Christal,Lunik,189170
350,Curry,Jeong,183044
351,Ernestus,Cadiz,85590
352,Nadine,Abéché,56332
353,Tonia,San Diego,110010
354,Gibbie,Besançon,155563
355,Toinette,Debar,123525
356,Cynde,Gorgoram,196794
357,Margarette,Stonewall,91662
358,Carling,Macheke,155553
359,Nichol,Kpalimé,90940
360,Morgen,Seara,111705
361,Casar,Arīḩā,102730
362,Northrup,Zhongguan,109904
363,Pippo,Krajan,174212
364,Maren,Farroupilha,172231
365,Svend,Sidirókastro,73196
366,Francene,Vitali,102666
367,Lissy,Fenglin,92673
368,Alfonse,Jiatou,102156
369,Sophia,Muyuka,86600
370,Ware,Carhuac,53256
371,Tamra,Sagua la Grande,186400
372,Pierette,Oton,112124
373,Zabrina,Wenxian Chengguanzhen,53756
374,Bernelle,Guantian,50578
375,Sela,Kalmar,69875
376,Caty,Tangyu,160119
377,Ddene,Sangzhen,68466
378,Hedy,Huxiaoqiao,192722
379,Linn,Petong,87346
380,Lola,Sibucao,95008
381,Fernandina,Bruxelles,133714
382,Finley,Beidaihehaibin,96202
383,Ibbie,Napalitan,186722
384,Madeleine,Ōmuta,67839
385,Montgomery,Bizana,52614
386,Pierson,Nanchoc,165652
387,Zsa zsa,Neiba,90333
388,Linn,Sunagawa,144559
389,Gertruda,Yandun,79324
390,Krisha,Strelka,197513
391,Godfrey,Ambarakaraka,197109
392,Cathryn,Hobonio,167099
393,Pansy,San Marcos,61910
394,Jerrie,Bengga,194932
395,Ibrahim,Huxingshan,191378
396,Aldo,Molodizhne,111621
397,Jodi,Kharkiv,107193
398,Midge,Hongqiao,72911
399,Langston,Mairiporã,161452
400,Terri,Laúndos,195137
401,Sidoney,Nowosielce-Gniewosz,136795
402,Kimberley,Charata,138919
403,Kate,Bangunharja,99743
404,Paul,Umeå,128707
405,Fran,Ardee,149500
406,Buddie,Mompós,145964
407,Fraser,Vermelha,144236
408,Vivianna,Awilega,185298
409,Rodrick,Arwād,173100
410,Dacia,Lethem,105784
411,Miguelita,Greensboro,193432
412,Shay,Xianxi,51085
413,Linette,Bumirejo,162361
414,Joe,Jovim,144282
415,Jessey,Ongi,74308
416,Neila,Mingguang,153598
417,Martie,Tasikona,69125
418,Briggs,Haridimun,149029
419,Lissy,Tomaszów Lubelski,71401
420,Lamont,Boljevac,111672
421,Gwenora,Zouma,146772
422,Worthy,Zagórnik,175149
423,Darda,Jesús Menéndez,179822
424,Trixi,Bagong Barrio,66301
425,Dilly,Planaltina,161296
426,Renee,Düsseldorf,150761
427,Rube,Suchań,196219
428,Evin,Moycullen,176854
429,Adrian,Panan,174934
430,Valaree,Mazhonghe,87889
431,Halette,Si Racha,60428
432,Julee,San Fernando del Valle de Catamarca,65655
433,Mikol,Vila Viçosa,142272
434,Nadya,Doro Oo,150814
435,Linell,Dalai,139480
436,Heidie,Babao,174752
437,Angela,Gulou,156445
438,Bil,Krasnyy Lyman,155631
439,Neron,Concepcion,192799
440,Dalli,Sipeng,124328
441,Cornelle,Riberalta,185003
442,Neron,Sortavala,175494
443,Dodi,Puerto Padre,79130
444,Juliane,Oroquieta,137066
445,Gerri,Kovylkino,66969
446,Belle,Nuradilovo,174075
447,Monah,Poddor’ye,51186
448,Georas,Enzan,182741
449,Emmie,Yaruchel,99972
450,Nert,Fenchen,103022
451,Terrijo,Xiaodukou,79901
452,Maire,Mohoro,170408
453,Doris,Muang Sing,194559
454,Elva,Rucheng Chengguanzhen,130593
455,Augie,Esquipulas,126075
456,Laure,Tsaghveri,63963
457,Omar,Talaibon,83623
458,Norean,Lynchburg,90648
459,Esteban,Sabae,132465
460,Amandi,Bulasa,173661
461,Mikkel,Njeru,119781
462,Tammi,Kyaikto,173445
463,Rosella,Krasnyy Oktyabr’,68212
464,Orelie,Perth,138625
465,Tom,Santa Maria,192593
466,Brion,Moutsamoudou,139522
467,Corrine,Luxi,111376
468,Husain,Xiaowuzhan,129140
469,Ginnie,Butha-Buthe,115192
470,Winnifred,Yifaquan,179014
471,Cheston,Sihai,178848
472,Ferd,Sietesz,181804
473,Sigismondo,Vrbovec,173573
474,Sarah,Khandagayty,153228
475,Max,Canhas,197832
476,Lynnelle,Soritor,167927
477,Imogen,Cesson,98273
478,Gav,Kabac,170733
479,Dud,Cambarus,190655
480,Hulda,Ostrowite,144035
481,Mohandas,Guanxi,142124
482,Reese,Pasadena,177455
483,Letta,Nida,151955
484,Brady,Djibo,161332
485,Norrie,Tipo-Tipo,102827
486,Daniela,Vysokogornyy,149205
487,Peyter,Dlemer,81133
488,Hilario,Telagasari,194087
489,Marthe,Villa Ángela,168574
490,Rikki,Bunder,109742
491,Vincents,Uzhhorod,51438
492,Bren,Daur,190803
493,Emory,Kranjska Gora,121798
494,Marion,Landvetter,114342
495,Julita,Panguruan,115265
496,Peyton,Akhmīm,76417
497,Rodd,Grenoble,145349
498,Jackson,Kostryzhivka,168311
499,Bo,Jijiang,182001
500,Clemente,Ongandjera,56791
501,Beret,Velikiy Novgorod,94680
502,Eduard,Huoqiu Chengguanzhen,188571
503,Sol,Guingamp,111147
504,Corena,Aytos,150748
505,Lucias,Xuebu,188153
506,Risa,Tongshanxiang,118979
507,Jervis,Nicoya,113397
508,Cahra,Albania,75026
509,Kareem,Ferraz de Vasconcelos,106719
510,Cyndy,Wulan Haye,168260
511,Glennie,Anopog,116936
512,Mora,Benisheikh,96888
513,Melody,Dejilin,195360
514,Perren,Bida,182174
515,Brig,Pagarbatu,128591
516,Lance,Kambar,106847
517,Garv,Topeka,115035
518,Rutter,Mao,168613
519,Melany,Grande Rivière du Nord,148494
520,Cassandra,Arendal,107266
521,Delcina,Lai Cách,187170
522,Arthur,Walce,136106
523,Craggie,Shahr-e Şafā,137947
524,Mannie,Banjarsari,62532
525,Helga,Dijon,98976
526,Ezequiel,Czarna Białostocka,143938
527,Verney,Pasararba,188386
528,Dulcinea,Dayushu,105560
529,Gayler,Pakapasan Ilir,131018
530,Gordy,Quzi,56144
531,Cherrita,Taketoyo,88559
532,Maiga,Molochnoye,153261
533,Artie,Juexi,171008
534,Ravi,Sacramento,65839
535,Renate,Javalera,74412
536,Fredra,Mafeng,129573
537,Gabbie,Erdaobaihe,126477
538,Barnett,Tsementnozavodskiy,114556
539,Tyrus,La Estancia,125979
540,Chad,Churubamba,176104
541,Liesa,Hassi Berkane,174515
542,Cherianne,Rizal,79925
543,Nadya,Bollène,156084
544,Cordy,Örebro,165258
545,Otes,Ulety,177137
546,Holly,Bonik,83203
547,Alessandro,Błędów,66441
548,Sherye,Nong Bun Nak,125350
549,Werner,Nggelok,51042
550,Dierdre,Selorejo,173627
551,Fawn,Porto de Mós,152341
552,Thorin,Ipoti,92083
553,Nye,Fangtian,50020
554,Kris,Goshogawara,62108
555,Hart,Qiziltepa Shahri,165474
556,Siffre,Daxing,123465
557,Brear,Ārt Khwājah,110012
558,Olga,Calais,115666
559,Lizbeth,Khlong Toei,172697
560,Merna,Queluz de Baixo,96037
561,Becky,Tinabogan,173234
562,Teri,Obesi,76628
563,Cordelie,Atamanovka,144985
564,Eberhard,Horta,172813
565,Clari,Lakateng,145065
566,Patricia,Changqiao,124785
567,Chrystal,Tiannan,174443
568,Arda,Gomunice,105734
569,Wallas,Samut Songkhram,65596
570,Urban,Haolibao,109294
571,Shae,Sumberrejo,64180
572,Jard,Binawara,154725
573,Gerhard,Kalibuntu,96447
574,Thelma,Al Maḩallah al Kubrá,134399
575,Margy,Marathon,68799
576,Alejandra,Yong’an,109553
577,Alexa,Belz,137833
578,Caressa,Cuihuangkou,136381
579,Darryl,Horad Rechytsa,160515
580,Ketti,Pingtang,188334
581,Calv,Jiyang,136894
582,Lynna,Ardazubre,108313
583,Clerissa,Al Hadā,91310
584,Marijn,Al Ghāriyah,144917
585,Ichabod,Qümong,69825
586,Silas,Shuangxi,195101
587,Odelia,Banjar Pekandelan,108161
588,Isabelita,Laau,156914
589,Amalea,Xiayang,121098
590,Marita,Yekaterinovka,68925
591,Ninon,Criação Velha,89494
592,Juliann,Härnösand,178187
593,Tabor,Darkovice,65008
594,Skye,Hulu,89820
595,Adelheid,Hongxi,112279
596,Cozmo,Longar,78557
597,Lilia,Sambirejo,115000
598,Toinette,Sumurgung,129896
599,D'arcy,Baucau,99859
600,Roslyn,Luzhou,72009
601,Duffie,Wilmington,93999
602,Giovanna,Isiolo,185720
603,Tallia,Uddevalla,183152
604,Gayle,Xidoupu,71085
605,Gabie,Khulna,142023
606,Mag,Iwonicz-Zdrój,91284
607,Clea,Hoorn,121971
608,Esta,Libu,187314
609,Zorah,Vary,148971
610,Lisetta,Cibeureum Satu,107912
611,Forrest,Utabi,148780
612,Si,Fianarantsoa,180473
613,Rock,Tayug,95353
614,Margot,Bokor,175675
615,Cristy,P’yŏngsŏng,51143
616,Salome,Mlaka pri Kranju,56681
617,Collete,Uchaly,114496
618,Raoul,Banjar Paangkelod,75152
619,Geraldine,Hongqi,138458
620,Odie,Puerto La Cruz,130942
621,Obadiah,Garnich,135288
622,Barnabe,Batakte,164645
623,Blinni,Huangcaotuo,186272
624,Roland,Iwkowa,174808
625,Jonas,Huochang,126048
626,Grazia,Phultala,89884
627,Beverie,Stare Pole,68779
628,Kelsy,Zhenhai,178965
629,Dorelle,Kafr Dān,162958
630,Georg,Benisheikh,104269
631,Cletus,Ponta da Garça,102374
632,Krispin,Dundee,154637
633,Jorge,Rawa,79819
634,Desmond,Varpaisjärvi,60516
635,Viki,Staroutkinsk,73691
636,Dre,Sangojar,76469
637,Margaret,Virojoki,109212
638,Kristo,Roanoke,197153
639,Marten,Camp Flora,86427
640,Elisabetta,Sabanagrande,84752
641,Lionello,Luna,116594
642,Beitris,Annotto Bay,157160
643,Biddy,Wierzbica,85226
644,Coreen,Washington,135610
645,Aura,Xiangzhu,177968
646,Orion,Butterworth,179764
647,Tamas,Kulotino,71230
648,Joan,Norrahammar,74903
649,Any,Dŭstí,131893
650,Ethelind,Uspenka,99931
651,Wilbert,Karlstad,183358
652,Afton,Guangshun,79874
653,Kanya,Sokyryany,106026
654,Mona,Bojawa,77422
655,Rosamond,Rešetari,69078
656,Micah,Shangkuli,113861
657,Fritz,Komyshany,100689
658,Carroll,Balekersukamaju,132258
659,Tye,Chiquinquirá,143122
660,Kyrstin,Bulalacao,114814
661,Yorker,Futian,89922
662,Carina,Groznyy,179968
663,Mohammed,Vicente Guerrero,173359
664,Jen,Khu Khan,155091
665,Rheba,Makato,98158
666,Arlena,Diaofeng,66387
667,Joel,Alejandro Roca,147539
668,Willdon,Lunenburg,132514
669,Chanda,Cilegong,199282
670,Kimmi,Shanguang,108495
671,Stormy,Tenri,148931
672,Juana,Pyinmana,140928
673,Marta,Spassk,111288
674,Eddy,Dankunku,194571
675,Irvin,Andaray,74316
676,Ethelda,Asykata,133865
677,Angel,Proletar,133158
678,April,Piracaia,170502
679,Harri,Skellefteå,59872
680,Coretta,Abaetetuba,196766
681,Sherrie,Basa,163823
682,Delmer,Ngala,56495
683,Magdalen,São Leopoldo,83685
684,Fleur,Toki,75669
685,Gregory,Bakovci,178089
686,Elmira,Mirovice,190383
687,Benetta,Gracias,157649
688,Frasquito,Grati Satu,128335
689,Lotti,Ukmerge,168235
690,Irena,Huangchi,131352
691,Nicolai,Ferbane,97605
692,Irita,Lobanovo,50925
693,Monika,Sumberwaru,79046
694,Arly,Banqiaodian,61588
695,Lelia,Kamyzyak,176441
696,Belva,Sing Buri,178285
697,Cordy,Al Jafr,125261
698,Allis,Athy,84324
699,Oswell,Raków,154390
700,Shae,Abucay,185625
701,Bliss,Nāḩiyat as Sab‘ Biyār,80454
702,Vergil,Cagbang,57758
703,Gradey,Viekšniai,153560
704,Jim,Banī Ḩassān,175464
705,Ramonda,Dongfanghong,114759
706,Janina,Sandviken,65668
707,Delinda,General Alvear,61164
708,Gilburt,Ol’gino,156834
709,Otha,Vybor,109809
710,Tabby,Köln,84624
711,Della,Armação,163307
712,Lucine,Xinzhan,79668
713,Stephenie,Burgastai,83303
714,Willard,Ji’an,198059
715,Michelina,Puyehue,126379
716,Modestine,Tha Wang Pha,76580
717,Joly,Saint-Constant,68840
718,Anderson,Tafí Viejo,75071
719,Allina,Okinawa,82456
720,Kelvin,Hudson,50920
721,Nicolais,Łubniany,111220
722,Leila,Gunajaya,157530
723,Priscella,Pulau Tiga,70379
724,Eliza,Santa Maria,183998
725,Stan,Stubno,104375
726,Everard,Vasilikón,126361
727,Brynn,Shi’ao,168658
728,Karlen,Hwangju-ŭp,114875
729,Vita,Zblewo,52748
730,Manuel,Aş Şūrah aş Şaghīrah,143141
731,Natty,Pokrovka,163144
732,Tani,Pittsburgh,118275
733,Kippar,Kostyantynivka,152966
734,Jessalyn,Lanchkhuti,120215
735,Rianon,Bilajer,129340
736,Cymbre,Chuangwang,192024
737,Karen,Baojiadian,117347
738,Paulie,Monkstown,131260
739,Jacquelin,Luwu,179598
740,Welby,Žrnovnica,124122
741,Val,Černožice,159750
742,Beatrix,Ad Dilam,112439
743,Sawyere,Pesucen,123337
744,Tilly,Santiago de Chuco,58338
745,Porter,Axili,189321
746,Reinhard,Zabrat,95543
747,Shelby,Huayang,159745
748,Irina,Pampas,83941
749,Israel,Gävle,160446
750,Dannel,Obolo-Eke (1),103730
751,Kennett,Xiangride,178723
752,Raynard,Chernogorsk,198099
753,Sashenka,Nepalgunj,93786
754,Cathee,Kantyshevo,82775
755,Noel,Oton,62189
756,Claudio,Hässleholm,199434
757,Jaye,Paradahan,76329
758,Drugi,Arsen’yev,117270
759,Nataniel,Mashi,125266
760,Linzy,Takaishi,54682
761,Butch,Pátmos,88031
762,Alfredo,Dzikowiec,180212
763,Gonzales,Hato Mayor del Rey,179085
764,Shalne,Bantogon,62364
765,Sarine,Panalanoy,133267
766,Inigo,Guapimirim,97984
767,Georg,Ubonratana,108835
768,Joyce,Benito Juarez,199985
769,Sallie,Barreiro,75531
770,Ray,Tangzhuang,143338
771,Bent,Biny Selo,54601
772,Thacher,Courbevoie,144685
773,Mona,Portelândia,164407
774,Wynn,Wiesbaden,50686
775,Brandyn,Gaofeng,168781
776,Isidore,Ganhe,66979
777,Kare,Jenang Selatan,59635
778,Skelly,El Paso,138215
779,Millicent,Vinhas,73216
780,Sisile,Alubijid,134961
781,Lani,Buenavista,133695
782,Ianthe,Sirindhorn,167465
783,Lavina,Boncong,193136
784,Clarissa,Susanino,184773
785,Hillier,Jiuxian,177100
786,Elke,Paris 17,112365
787,Lurleen,Axili,192461
788,Arnie,Mintang,185538
789,Dot,Åkersberga,56054
790,Isabella,Itupeva,191075
791,Tomkin,Arnhem,89023
792,Alanna,Dois Vizinhos,131816
793,Cynthie,Nerópolis,196959
794,Ricardo,Quiriquire,174207
795,Zsazsa,Xing’an,87619
796,Nanice,Peixing,78433
797,Nevil,Daliyuan,181051
798,Koressa,København,65767
799,Nataline,Yurla,195294
800,Lenard,Trollhättan,90617
801,Fitz,Lao Suea Kok,173682
802,Rachelle,Vale Boeiro,140466
803,Krystle,Suidong,108334
804,Gibbie,Rada Tilly,148254
805,Adrien,Tiglauigan,95974
806,Dannye,Oja,195747
807,Candida,Kołbaskowo,163547
808,Katya,Aranas Sur,142313
809,Chrissy,Qazax,98035
810,Elnora,Sambopinggir,184325
811,Waiter,Cibeureum Satu,117552
812,Tierney,Gamay,154747
813,Amalia,Ad Dilam,98424
814,Linnie,Washington,162817
815,Zack,Wonocoyo Utara,198956
816,Reilly,Rybnoye,107857
817,Erich,Jiangkou,155481
818,Benji,Otacílio Costa,104741
819,Leroi,Khanino,133605
820,Ode,Hutang,83136
821,Angelina,Magdalena,79499
822,Manfred,Moreira de Geraz do Lima,176707
823,Zachery,Nerk’in Getashen,55995
824,Leo,Vadstena,135251
825,Amble,Sakura,73286
826,Maegan,Torres Novas,95059
827,Torey,Cali,113259
828,Inga,København,157078
829,Justinian,Bulog,120740
830,Louisette,Litian,120896
831,Carolus,Benito Juarez,51788
832,Elnore,Al Badārī,121049
833,Gail,Cikalong,80856
834,Gunar,Fao Rai,104517
835,Temple,Nova Pazova,108692
836,Efren,Bordeaux,168110
837,Loren,Sobinka,138046
838,Christel,Tall Ḩamīs,171530
839,Leoine,Herong,166290
840,Tulley,Guaíba,76797
841,Kendell,Zhongxiao,83938
842,Mehetabel,San Juan,161296
843,King,Shangju,91797
844,Raimondo,Dusun Tengah Cihaurbeuti,195728
845,Jamil,Dasuk,134475
846,Eugenia,Youdian,189695
847,Ree,Jianmin,158825
848,Gottfried,Ngeni,99790
849,Adoree,Rulenge,125269
850,Noelani,Namling,165402
851,Vivie,Gongjiang,172519
852,Thibaut,Mawza‘,57465
853,Omar,Vicente Guerrero,185565
854,Ervin,Buenavista,132186
855,Judas,Caieiras,117881
856,Darnall,Chợ Mới,145314
857,Vittoria,Padangsidempuan,56380
858,Nady,Mashan,64982
859,Heindrick,Huntington,183808
860,Ange,Tsyurupyns’k,73355
861,Shannan,Shchukino,69301
862,Nikolas,Maubara,146270
863,Quent,Ya’ngan,54472
864,Allix,Carregado,192343
865,Paulie,Kiihtelysvaara,166495
866,Annabal,Piedecuesta,126869
867,Robbie,Aleysk,149090
868,Geri,Changqing,165133
869,Johann,Tālīn,66242
870,Pat,Doubravice nad Svitavou,131602
871,Jackie,Sanzao,193536
872,Rhett,Ögöömör,109662
873,Fulton,Guanqiao,174543
874,Fred,Garbów,85204
875,Janeen,Maojia,72247
876,Rabbi,Göteborg,88141
877,Ambrosi,Lenger,152327
878,Royal,Živinice,150197
879,Corbet,Lille,109398
880,Lawry,Rio das Ostras,103167
881,Sari,Yongping,145758
882,Darlene,Géfyra,58334
883,Belita,Ibarreta,74875
884,Roseann,Alvega,177667
885,Devinne,Chřibská,132167
886,Tansy,Camajuaní,186746
887,Nerti,Khilok,110410
888,Alysia,Maggotty,57733
889,Avrom,Dusun Desa Bunter,107406
890,Cord,Palmital,173466
891,Osmund,Haligue,71952
892,Livia,Al Ya‘rubīyah,109195
893,Loreen,Solna,119987
894,Gregoor,Al Marsá,146258
895,Juanita,Binabaan,130052
896,Nanine,Donskoye,185277
897,Jenni,Viljoenskroon,177311
898,Gaspard,Parung,191740
899,Brendis,Arkalyk,134373
900,Sim,Yushugou,91908
901,Ikey,Yong’an,122484
902,Eamon,Balai,89464
903,Casper,Vigo,162227
904,Gizela,Białaczów,193461
905,Joyann,Cidikit Girang,152391
906,Pavlov,Kuala Lumpur,165289
907,Bartlet,Zarqa,58745
908,Tybie,Baizhang,138774
909,Catie,Tassin-la-Demi-Lune,89287
910,Adams,Moycullen,155984
911,Wilmar,Bang Ban,198710
912,Belita,Astanajapura,124483
913,Othilia,Chajarí,81117
914,Talbot,Przecław,196034
915,Josy,Alhambra,170408
916,Hamilton,Heshang,188124
917,Ardyth,Khlong Sam Wa,179982
918,Margarethe,Yongjiu,161139
919,Harley,Strážnice,111081
920,Jae,Laojunpo,162752
921,Lucien,Tuodian,180920
922,Elliott,Iyo,125506
923,Jessie,Lubumbashi,131295
924,Jodi,Laguilayan,105766
925,Klemens,Tongshanxiang,91072
926,Nikola,West Palm Beach,94478
927,Andy,Benito Juarez,116930
928,Teodora,Nangkaruka,143129
929,Nyssa,Cam Lộ,71743
930,Gustie,Pereira,122419
931,Ade,Tanbuqiao,142151
932,Morgun,Aviá Terai,114495
933,Thomas,Tangtuzhui,112073
934,Maurine,Xiaqiao,91647
935,Genevieve,Markaz-e Ḩukūmat-e Darwēshān,160442
936,Lyn,Lingsar,70793
937,Federico,Eydhafushi,58897
938,Pierce,Jansenville,70820
939,Barbaraanne,Roriz,127260
940,Wylma,Karangturi,94127
941,Wallache,Tolstoy-Yurt,170191
942,Briana,Rosais,66407
943,Crista,Huallanca,196496
944,Antoine,Jakubów,121061
945,Kimble,Pilzno,181146
946,Issi,Çalxanqala,71894
947,Omero,Esquipulas,149998
948,Farlay,Sausa,157652
949,Lowell,Kiambu,114928
950,Lizzie,Pindaré Mirim,115656
951,Antonius,Huilong,50625
952,Layton,Fruitvale,94449
953,Joelle,Weishanzhuang,143357
954,Carroll,Nizhniye Vyazovyye,166538
955,Fredelia,Lešná,191789
956,Paige,Metz,144868
957,Karleen,Utabi,168744
958,Brannon,Guicheng,51512
959,Roz,Lokokrangan,108213
960,Chilton,Jianshe,135657
961,Mose,Malandag,116694
962,Udall,Butwāl,90954
963,Efren,A-da-Gorda,85184
964,Letta,Río Grande,192255
965,Isador,Pánormos,153034
966,Alain,Yotala,188446
967,Dwight,Reims,116566
968,Zita,Palguyod,176319
969,Frayda,Arnhem,154015
970,Roxane,Huangfang,134640
971,Maddie,Bourg-lès-Valence,86022
972,Alysa,Hecun,85863
973,Kath,Santa Elena,133512
974,Joice,Dāngām,109285
975,Lindie,Kusak,57912
976,Tuesday,Heby,64035
977,Ruthi,Sangzhou,87592
978,Pen,Guanshan,70059
979,Parke,Ulcinj,190898
980,Jerrine,Gongdao,107960
981,Alonso,Phú Mỹ,91957
982,Leanora,Caracal,155115
983,Robinet,Chok Chai,191221
984,Alard,Ngoc Hon Doc,114708
985,Lurline,Bang Sao Thong,103506
986,Theo,Houston,128414
987,Nerti,Thung Yang Daeng,193496
988,Moe,Tía Juana,187933
989,Donelle,Mailag,56770
990,Dode,Antas,77411
991,Kristan,Pridonskoy,177593
992,Cherise,Satu Nou,132008
993,Joice,Casal da Anja,150690
994,Emilie,Przyborów,171735
995,Larisa,Hengdaohezi,100650
996,Zondra,Nogoonnuur,157578
997,Christen,Dasongshu,151853
998,Idaline,Igarassu,198606
999,Kahaleel,Angoulême,116775
1000,Kasey,Beaverton,144315
